target,calib_type,bin_id,bin_low,bin_high,n,mean_conf,empirical_rate,abs_gap
abl1,label,0,-5.88,-5.5385,4,-5.762499999999999,0.0,5.762499999999999
abl1,label,1,-5.5385,-5.197,12,-5.3100000000000005,0.0,5.3100000000000005
abl1,label,2,-5.197,-4.855499999999999,30,-4.995333333333334,0.0,4.995333333333334
abl1,label,3,-4.855499999999999,-4.513999999999999,45,-4.6608888888888895,0.0,4.6608888888888895
abl1,label,4,-4.513999999999999,-4.172499999999999,99,-4.32121212121212,0.0,4.32121212121212
abl1,label,5,-4.172499999999999,-3.831,250,-3.9752,0.0,3.9752
abl1,label,6,-3.831,-3.4895,436,-3.654128440366972,0.0022935779816513,3.656422018348624
abl1,label,7,-3.4895,-3.148,636,-3.3036635220125787,0.0031446540880503,3.306808176100629
abl1,label,8,-3.148,-2.8065,1025,-2.963521951219512,0.0078048780487804,2.9713268292682926
abl1,label,9,-2.8065,-2.465,1261,-2.628136399682792,0.0055511498810467,2.633687549563838
abl1,label,10,-2.465,-2.1234999999999995,1492,-2.2900067024128683,0.0107238605898123,2.3007305630026806
abl1,label,11,-2.1234999999999995,-1.7819999999999991,1488,-1.955981182795699,0.0194892473118279,1.975470430107527
abl1,label,12,-1.7819999999999991,-1.4404999999999992,1405,-1.620341637010676,0.0241992882562277,1.644540925266904
abl1,label,13,-1.4404999999999992,-1.0989999999999993,1045,-1.2862296650717702,0.0535885167464114,1.3398181818181816
abl1,label,14,-1.0989999999999993,-0.7574999999999994,699,-0.9252503576537912,0.0472103004291845,0.9724606580829755
abl1,label,15,-0.7574999999999994,-0.4159999999999995,531,-0.5884369114877589,0.0659133709981167,0.6543502824858757
abl1,label,16,-0.4159999999999995,-0.0744999999999995,353,-0.2577620396600567,0.0906515580736544,0.348413597733711
abl1,label,17,-0.0744999999999995,0.2670000000000003,219,0.0591324200913241,0.1095890410958904,0.0504566210045662
abl1,label,18,0.2670000000000003,0.6085000000000003,68,0.3780882352941175,0.2205882352941176,0.1574999999999999
abl1,label,19,0.6085000000000003,0.95,12,0.75,0.25,0.5
abl1,pose,0,-3.69,-3.4675,1,-3.69,0.0,3.69
abl1,pose,1,-3.4675,-3.245,1,-3.34,0.0,3.34
abl1,pose,2,-3.245,-3.0225,3,-3.1166666666666667,0.0,3.1166666666666667
abl1,pose,3,-3.0225,-2.8,6,-2.9133333333333336,0.0,2.9133333333333336
abl1,pose,4,-2.8,-2.5775,2,-2.725,0.0,2.725
abl1,pose,5,-2.5775,-2.355,8,-2.46875,0.25,2.71875
abl1,pose,6,-2.355,-2.1325,13,-2.2023076923076923,0.0,2.2023076923076923
abl1,pose,7,-2.1325,-1.91,21,-2.003333333333333,0.0476190476190476,2.0509523809523804
abl1,pose,8,-1.91,-1.6875,19,-1.7899999999999998,0.1052631578947368,1.8952631578947368
abl1,pose,9,-1.6875,-1.465,21,-1.581904761904762,0.0952380952380952,1.677142857142857
abl1,pose,10,-1.465,-1.2424999999999995,38,-1.3407894736842103,0.131578947368421,1.472368421052631
abl1,pose,11,-1.2424999999999995,-1.02,25,-1.1512,0.48,1.6312
abl1,pose,12,-1.02,-0.7974999999999999,24,-0.9091666666666668,0.3333333333333333,1.2425
abl1,pose,13,-0.7974999999999999,-0.5749999999999997,20,-0.6709999999999999,0.4,1.071
abl1,pose,14,-0.5749999999999997,-0.3525,26,-0.4649999999999999,0.4230769230769231,0.888076923076923
abl1,pose,15,-0.3525,-0.1299999999999999,21,-0.21,0.3333333333333333,0.5433333333333333
abl1,pose,16,-0.1299999999999999,0.0925000000000002,17,-0.0358823529411764,0.6470588235294118,0.6829411764705883
abl1,pose,17,0.0925000000000002,0.3149999999999999,13,0.1915384615384615,0.5384615384615384,0.3469230769230769
abl1,pose,18,0.3149999999999999,0.5375000000000001,12,0.4025,0.9166666666666666,0.5141666666666667
abl1,pose,19,0.5375000000000001,0.76,4,0.6675000000000001,1.0,0.3324999999999999
akt1,label,0,-5.39,-5.0715,7,-5.281428571428571,0.0,5.281428571428571
akt1,label,1,-5.0715,-4.753,8,-4.866250000000001,0.0,4.866250000000001
akt1,label,2,-4.753,-4.4345,29,-4.586206896551724,0.0,4.586206896551724
akt1,label,3,-4.4345,-4.116,55,-4.235272727272728,0.0363636363636363,4.271636363636364
akt1,label,4,-4.116,-3.7975,122,-3.936557377049181,0.0,3.936557377049181
akt1,label,5,-3.7975,-3.479,257,-3.623229571984436,0.0389105058365758,3.662140077821012
akt1,label,6,-3.479,-3.1605,312,-3.3089423076923072,0.0192307692307692,3.3281730769230764
akt1,label,7,-3.1605,-2.842,495,-2.998040404040404,0.0202020202020202,3.018242424242424
akt1,label,8,-2.842,-2.5235000000000003,621,-2.676425120772947,0.0305958132045088,2.707020933977456
akt1,label,9,-2.5235000000000003,-2.205,818,-2.358166259168704,0.0464547677261613,2.4046210268948656
akt1,label,10,-2.205,-1.8865000000000005,1051,-2.035337773549001,0.0352045670789724,2.070542340627973
akt1,label,11,-1.8865000000000005,-1.5680000000000005,1237,-1.7248100242522233,0.057396928051738,1.7822069523039614
akt1,label,12,-1.5680000000000005,-1.2495000000000005,1264,-1.4071439873417722,0.0427215189873417,1.449865506329114
akt1,label,13,-1.2495000000000005,-0.931,956,-1.0940794979079498,0.0596234309623431,1.153702928870293
akt1,label,14,-0.931,-0.6125000000000007,712,-0.7897752808988763,0.0632022471910112,0.8529775280898875
akt1,label,15,-0.6125000000000007,-0.2940000000000005,325,-0.4791076923076923,0.0953846153846153,0.5744923076923077
akt1,label,16,-0.2940000000000005,0.0244999999999997,99,-0.1611111111111111,0.2626262626262626,0.4237373737373737
akt1,label,17,0.0244999999999997,0.3429999999999991,17,0.1352941176470588,0.4705882352941176,0.3352941176470588
akt1,label,18,0.3429999999999991,0.6614999999999993,7,0.4828571428571427,0.5714285714285714,0.0885714285714286
akt1,label,19,0.6614999999999993,0.98,3,0.9533333333333333,1.0,0.0466666666666667
akt1,pose,0,-4.15,-3.8935,2,-4.140000000000001,0.5,4.640000000000001
akt1,pose,1,-3.8935,-3.637000000000001,5,-3.688,0.0,3.688
akt1,pose,2,-3.637000000000001,-3.3805,6,-3.5666666666666664,0.1666666666666666,3.733333333333333
akt1,pose,3,-3.3805,-3.124,9,-3.232222222222222,0.0,3.232222222222222
akt1,pose,4,-3.124,-2.8675,5,-2.99,0.0,2.99
akt1,pose,5,-2.8675,-2.611,10,-2.733,0.2,2.9330000000000003
akt1,pose,6,-2.611,-2.3545,27,-2.488148148148148,0.037037037037037,2.5251851851851854
akt1,pose,7,-2.3545,-2.098,32,-2.2340625,0.03125,2.2653125
akt1,pose,8,-2.098,-1.8415,33,-1.963636363636364,0.0303030303030303,1.993939393939394
akt1,pose,9,-1.8415,-1.585,60,-1.709,0.0333333333333333,1.7423333333333335
akt1,pose,10,-1.585,-1.3284999999999996,48,-1.4489583333333336,0.125,1.5739583333333336
akt1,pose,11,-1.3284999999999996,-1.0719999999999996,46,-1.1817391304347828,0.0434782608695652,1.225217391304348
akt1,pose,12,-1.0719999999999996,-0.8154999999999997,43,-0.9388372093023256,0.1395348837209302,1.078372093023256
akt1,pose,13,-0.8154999999999997,-0.5589999999999993,31,-0.678709677419355,0.1612903225806451,0.8400000000000001
akt1,pose,14,-0.5589999999999993,-0.3024999999999993,23,-0.4304347826086956,0.1739130434782608,0.6043478260869565
akt1,pose,15,-0.3024999999999993,-0.0459999999999993,21,-0.1757142857142856,0.1428571428571428,0.3185714285714285
akt1,pose,16,-0.0459999999999993,0.2105000000000005,9,0.0344444444444444,0.1111111111111111,0.0766666666666666
akt1,pose,17,0.2105000000000005,0.4670000000000005,6,0.33,0.3333333333333333,0.0033333333333332
akt1,pose,18,0.4670000000000005,0.7235000000000005,2,0.55,1.0,0.4499999999999999
akt1,pose,19,0.7235000000000005,0.98,3,0.9533333333333333,1.0,0.0466666666666667
akt2,label,0,-5.6,-5.279999999999999,3,-5.476666666666667,0.0,5.476666666666667
akt2,label,1,-5.279999999999999,-4.96,3,-5.096666666666667,0.0,5.096666666666667
akt2,label,2,-4.96,-4.64,13,-4.737692307692307,0.0,4.737692307692307
akt2,label,3,-4.64,-4.32,47,-4.472127659574468,0.0,4.472127659574468
akt2,label,4,-4.32,-4.0,117,-4.137777777777778,0.0085470085470085,4.1463247863247865
akt2,label,5,-4.0,-3.68,243,-3.8243209876543207,0.0164609053497942,3.840781893004115
akt2,label,6,-3.68,-3.36,346,-3.511936416184972,0.0144508670520231,3.5263872832369945
akt2,label,7,-3.36,-3.04,509,-3.2015520628683696,0.0117878192534381,3.2133398821218075
akt2,label,8,-3.04,-2.72,676,-2.87621301775148,0.0266272189349112,2.902840236686391
akt2,label,9,-2.72,-2.4000000000000004,834,-2.552721822541966,0.0227817745803357,2.5755035971223017
akt2,label,10,-2.4000000000000004,-2.08,993,-2.235840886203424,0.0281973816717019,2.264038267875126
akt2,label,11,-2.08,-1.7600000000000002,1084,-1.9251845018450184,0.0350553505535055,1.960239852398524
akt2,label,12,-1.7600000000000002,-1.4400000000000004,919,-1.6130903155603915,0.0239390642002176,1.637029379760609
akt2,label,13,-1.4400000000000004,-1.12,575,-1.303095652173913,0.0365217391304347,1.339617391304348
akt2,label,14,-1.12,-0.8000000000000007,360,-0.9820833333333334,0.025,1.007083333333333
akt2,label,15,-0.8000000000000007,-0.4800000000000004,201,-0.6631840796019901,0.0298507462686567,0.6930348258706468
akt2,label,16,-0.4800000000000004,-0.1600000000000001,110,-0.3499090909090909,0.0272727272727272,0.3771818181818182
akt2,label,17,-0.1600000000000001,0.1599999999999992,57,-0.029298245614035,0.0701754385964912,0.0994736842105263
akt2,label,18,0.1599999999999992,0.4799999999999995,26,0.265,0.1153846153846153,0.1496153846153846
akt2,label,19,0.4799999999999995,0.8,5,0.6180000000000001,0.6,0.0180000000000001
akt2,pose,0,-4.23,-3.9785,1,-4.23,0.0,4.23
akt2,pose,1,-3.9785,-3.727,3,-3.8966666666666665,0.0,3.8966666666666665
akt2,pose,2,-3.727,-3.4755000000000003,2,-3.625,0.5,4.125
akt2,pose,3,-3.4755000000000003,-3.224,6,-3.365,0.0,3.365
akt2,pose,4,-3.224,-2.9725,7,-3.0542857142857143,0.1428571428571428,3.197142857142857
akt2,pose,5,-2.9725,-2.7210000000000005,15,-2.87,0.0666666666666666,2.9366666666666665
akt2,pose,6,-2.7210000000000005,-2.4695000000000005,14,-2.599285714285714,0.1428571428571428,2.742142857142857
akt2,pose,7,-2.4695000000000005,-2.2180000000000004,16,-2.3375,0.1875,2.525
akt2,pose,8,-2.2180000000000004,-1.9665000000000004,31,-2.109354838709677,0.1612903225806451,2.2706451612903225
akt2,pose,9,-1.9665000000000004,-1.7150000000000003,27,-1.8366666666666664,0.2962962962962963,2.1329629629629627
akt2,pose,10,-1.7150000000000003,-1.4635000000000002,19,-1.5699999999999998,0.2631578947368421,1.8331578947368417
akt2,pose,11,-1.4635000000000002,-1.2120000000000006,19,-1.3447368421052632,0.2105263157894736,1.555263157894737
akt2,pose,12,-1.2120000000000006,-0.9605000000000006,8,-1.085,0.25,1.335
akt2,pose,13,-0.9605000000000006,-0.7090000000000005,7,-0.8342857142857144,0.8571428571428571,1.6914285714285715
akt2,pose,14,-0.7090000000000005,-0.4575000000000004,2,-0.6599999999999999,1.0,1.66
akt2,pose,15,-0.4575000000000004,-0.2060000000000004,3,-0.34,1.0,1.34
akt2,pose,16,-0.2060000000000004,0.0454999999999996,4,0.0025,0.75,0.7475
akt2,pose,17,0.0454999999999996,0.2969999999999997,2,0.19,0.5,0.31
akt2,pose,18,0.2969999999999997,0.5484999999999998,1,0.45,0.0,0.45
akt2,pose,19,0.5484999999999998,0.8,3,0.6900000000000001,0.0,0.6900000000000001
braf,label,0,-5.39,-5.088,3,-5.276666666666667,0.0,5.276666666666667
braf,label,1,-5.088,-4.786,9,-4.874444444444445,0.0,4.874444444444445
braf,label,2,-4.786,-4.484,21,-4.614285714285715,0.0,4.614285714285715
braf,label,3,-4.484,-4.182,44,-4.3275,0.0,4.3275
braf,label,4,-4.182,-3.88,95,-4.026947368421052,0.0,4.026947368421052
braf,label,5,-3.88,-3.578,161,-3.70832298136646,0.0,3.70832298136646
braf,label,6,-3.578,-3.276,201,-3.423731343283582,0.0,3.423731343283582
braf,label,7,-3.276,-2.974,291,-3.1126804123711342,0.0,3.1126804123711342
braf,label,8,-2.974,-2.672,420,-2.811595238095238,0.0047619047619047,2.8163571428571426
braf,label,9,-2.672,-2.37,544,-2.5136580882352937,0.0110294117647058,2.5246875
braf,label,10,-2.37,-2.068,756,-2.20957671957672,0.0079365079365079,2.217513227513228
braf,label,11,-2.068,-1.766,1026,-1.9110428849902528,0.016569200779727,1.9276120857699808
braf,label,12,-1.766,-1.464,1321,-1.6096820590461771,0.0264950794852384,1.6361771385314157
braf,label,13,-1.464,-1.162,1565,-1.3091501597444088,0.0204472843450479,1.329597444089457
braf,label,14,-1.162,-0.8599999999999994,1539,-1.0139571150097466,0.0220922677063027,1.0360493827160493
braf,label,15,-0.8599999999999994,-0.5579999999999998,1166,-0.7175214408233276,0.0291595197255574,0.746680960548885
braf,label,16,-0.5579999999999998,-0.2560000000000002,635,-0.4181732283464566,0.0299212598425196,0.4480944881889763
braf,label,17,-0.2560000000000002,0.0460000000000002,355,-0.1191549295774647,0.0394366197183098,0.1585915492957746
braf,label,18,0.0460000000000002,0.3479999999999998,137,0.1774452554744525,0.1824817518248175,0.0050364963503649
braf,label,19,0.3479999999999998,0.65,49,0.4583673469387755,0.5510204081632653,0.0926530612244897
braf,pose,0,-2.92,-2.7415,2,-2.87,0.0,2.87
braf,pose,1,-2.7415,-2.563,0,,,
braf,pose,2,-2.563,-2.3845,5,-2.498,0.0,2.498
braf,pose,3,-2.3845,-2.206,4,-2.2925,0.25,2.5425
braf,pose,4,-2.206,-2.0275,6,-2.0849999999999995,0.0,2.0849999999999995
braf,pose,5,-2.0275,-1.849,9,-1.9166666666666667,0.2222222222222222,2.138888888888889
braf,pose,6,-1.849,-1.6705,17,-1.74,0.2352941176470588,1.9752941176470589
braf,pose,7,-1.6705,-1.492,19,-1.588421052631579,0.1052631578947368,1.6936842105263157
braf,pose,8,-1.492,-1.3135,22,-1.4095454545454544,0.0454545454545454,1.4549999999999998
braf,pose,9,-1.3135,-1.135,20,-1.2054999999999998,0.35,1.5555
braf,pose,10,-1.135,-0.9565,18,-1.0472222222222225,0.2777777777777778,1.3250000000000002
braf,pose,11,-0.9565,-0.778,20,-0.8644999999999999,0.55,1.4145
braf,pose,12,-0.778,-0.5994999999999999,22,-0.6790909090909091,0.6818181818181818,1.3609090909090908
braf,pose,13,-0.5994999999999999,-0.4210000000000002,12,-0.4958333333333333,0.5833333333333334,1.0791666666666666
braf,pose,14,-0.4210000000000002,-0.2425000000000001,10,-0.362,0.5,0.862
braf,pose,15,-0.2425000000000001,-0.064,7,-0.1699999999999999,0.8571428571428571,1.0271428571428571
braf,pose,16,-0.064,0.1145,7,0.0285714285714285,1.0,0.9714285714285714
braf,pose,17,0.1145,0.2930000000000001,18,0.2161111111111111,1.0,0.7838888888888889
braf,pose,18,0.2930000000000001,0.4714999999999998,24,0.3941666666666666,1.0,0.6058333333333334
braf,pose,19,0.4714999999999998,0.65,9,0.5466666666666666,1.0,0.4533333333333333
csf1r,label,0,-6.07,-5.721500000000001,1,-6.07,0.0,6.07
csf1r,label,1,-5.721500000000001,-5.373,2,-5.5600000000000005,0.0,5.5600000000000005
csf1r,label,2,-5.373,-5.0245,5,-5.214,0.0,5.214
csf1r,label,3,-5.0245,-4.676,9,-4.796666666666667,0.0,4.796666666666667
csf1r,label,4,-4.676,-4.327500000000001,23,-4.456086956521738,0.0,4.456086956521738
csf1r,label,5,-4.327500000000001,-3.979,43,-4.12093023255814,0.0,4.12093023255814
csf1r,label,6,-3.979,-3.6305,85,-3.7682352941176473,0.0,3.7682352941176473
csf1r,label,7,-3.6305,-3.282,159,-3.439308176100629,0.0,3.439308176100629
csf1r,label,8,-3.282,-2.9335,340,-3.0884117647058824,0.0,3.0884117647058824
csf1r,label,9,-2.9335,-2.585,501,-2.7482035928143715,0.0079840319361277,2.7561876247504995
csf1r,label,10,-2.585,-2.2365,837,-2.395686977299881,0.010752688172043,2.406439665471924
csf1r,label,11,-2.2365,-1.888,1346,-2.047295690936107,0.0081723625557206,2.055468053491828
csf1r,label,12,-1.888,-1.5395000000000003,1778,-1.7001293588301465,0.0073115860517435,1.7074409448818897
csf1r,label,13,-1.5395000000000003,-1.1909999999999998,2184,-1.3621382783882785,0.0151098901098901,1.3772481684981683
csf1r,label,14,-1.1909999999999998,-0.8424999999999994,2186,-1.025274473924977,0.0224153705397987,1.0476898444647758
csf1r,label,15,-0.8424999999999994,-0.4939999999999998,1734,-0.6792214532871972,0.02479815455594,0.7040196078431372
csf1r,label,16,-0.4939999999999998,-0.1455000000000001,950,-0.3398631578947368,0.0347368421052631,0.3746
csf1r,label,17,-0.1455000000000001,0.2030000000000003,364,0.0009065934065934,0.1071428571428571,0.1062362637362637
csf1r,label,18,0.2030000000000003,0.5515000000000008,119,0.355798319327731,0.3529411764705882,0.0028571428571427
csf1r,label,19,0.5515000000000008,0.9,22,0.6786363636363636,0.4545454545454545,0.224090909090909
csf1r,pose,0,-2.85,-2.6625,4,-2.76,0.25,3.01
csf1r,pose,1,-2.6625,-2.475,3,-2.51,0.0,2.51
csf1r,pose,2,-2.475,-2.2875,5,-2.372,0.2,2.572
csf1r,pose,3,-2.2875,-2.1,3,-2.21,0.3333333333333333,2.543333333333333
csf1r,pose,4,-2.1,-1.9125,8,-2.00375,0.25,2.25375
csf1r,pose,5,-1.9125,-1.725,6,-1.83,0.1666666666666666,1.9966666666666664
csf1r,pose,6,-1.725,-1.5375,8,-1.62875,0.125,1.75375
csf1r,pose,7,-1.5375,-1.35,13,-1.43,0.0769230769230769,1.5069230769230768
csf1r,pose,8,-1.35,-1.1625,24,-1.2645833333333334,0.5,1.7645833333333334
csf1r,pose,9,-1.1625,-0.975,27,-1.0492592592592591,0.6296296296296297,1.6788888888888889
csf1r,pose,10,-0.975,-0.7875000000000001,31,-0.8748387096774194,0.6774193548387096,1.552258064516129
csf1r,pose,11,-0.7875000000000001,-0.6000000000000001,16,-0.7012499999999999,0.8125,1.51375
csf1r,pose,12,-0.6000000000000001,-0.4125000000000001,21,-0.5123809523809523,0.8571428571428571,1.3695238095238094
csf1r,pose,13,-0.4125000000000001,-0.2250000000000001,18,-0.3277777777777777,0.8333333333333334,1.161111111111111
csf1r,pose,14,-0.2250000000000001,-0.0375,20,-0.1174999999999999,0.9,1.0175
csf1r,pose,15,-0.0375,0.1499999999999999,20,0.0585,0.9,0.8415
csf1r,pose,16,0.1499999999999999,0.3374999999999999,18,0.2344444444444444,0.8333333333333334,0.5988888888888889
csf1r,pose,17,0.3374999999999999,0.5249999999999999,30,0.4366666666666666,0.9,0.4633333333333334
csf1r,pose,18,0.5249999999999999,0.7124999999999999,7,0.5985714285714285,0.5714285714285714,0.0271428571428571
csf1r,pose,19,0.7124999999999999,0.9,4,0.7925,0.25,0.5425
egfr,label,0,-5.79,-5.4615,1,-5.79,0.0,5.79
egfr,label,1,-5.4615,-5.133,3,-5.213333333333334,0.0,5.213333333333334
egfr,label,2,-5.133,-4.8045,2,-4.995,0.0,4.995
egfr,label,3,-4.8045,-4.476,9,-4.623333333333333,0.0,4.623333333333333
egfr,label,4,-4.476,-4.1475,68,-4.283676470588236,0.0,4.283676470588236
egfr,label,5,-4.1475,-3.819,151,-3.959470198675497,0.0,3.959470198675497
egfr,label,6,-3.819,-3.4905,277,-3.643574007220217,0.0072202166064981,3.650794223826715
egfr,label,7,-3.4905,-3.162,451,-3.3211529933481154,0.0133037694013303,3.3344567627494457
egfr,label,8,-3.162,-2.8335,621,-2.987536231884058,0.0048309178743961,2.9923671497584543
egfr,label,9,-2.8335,-2.505,889,-2.659370078740157,0.0033745781777277,2.6627446569178854
egfr,label,10,-2.505,-2.1765,1242,-2.329057971014493,0.0056360708534621,2.334694041867955
egfr,label,11,-2.1765,-1.848,1784,-2.003621076233184,0.0078475336322869,2.011468609865472
egfr,label,12,-1.848,-1.5195,2733,-1.670318331503842,0.0032930845225027,1.673611416026345
egfr,label,13,-1.5195,-1.1909999999999998,3421,-1.351072785735165,0.007892429114294,1.358965214849459
egfr,label,14,-1.1909999999999998,-0.8624999999999998,3942,-1.0260071029934044,0.0180111618467782,1.0440182648401826
egfr,label,15,-0.8624999999999998,-0.5339999999999998,4107,-0.707655222790358,0.0433406379352325,0.7509958607255905
egfr,label,16,-0.5339999999999998,-0.2054999999999998,2392,-0.3898411371237458,0.1107859531772575,0.5006270903010033
egfr,label,17,-0.2054999999999998,0.1230000000000002,1000,-0.07927,0.171,0.25027
egfr,label,18,0.1230000000000002,0.4515000000000002,141,0.232482269503546,0.2127659574468085,0.0197163120567375
egfr,label,19,0.4515000000000002,0.78,16,0.5775,0.3125,0.265
egfr,pose,0,-3.71,-3.491,2,-3.63,0.0,3.63
egfr,pose,1,-3.491,-3.272,4,-3.41,0.0,3.41
egfr,pose,2,-3.272,-3.053,2,-3.2,0.0,3.2
egfr,pose,3,-3.053,-2.834,3,-3.0066666666666664,0.0,3.0066666666666664
egfr,pose,4,-2.834,-2.615,1,-2.8,0.0,2.8
egfr,pose,5,-2.615,-2.396,6,-2.47,0.0,2.47
egfr,pose,6,-2.396,-2.177,3,-2.286666666666666,0.0,2.286666666666666
egfr,pose,7,-2.177,-1.958,9,-2.038888888888889,0.0,2.038888888888889
egfr,pose,8,-1.958,-1.739,8,-1.8625,0.0,1.8625
egfr,pose,9,-1.739,-1.52,6,-1.635,0.0,1.635
egfr,pose,10,-1.52,-1.3010000000000002,17,-1.3994117647058824,0.1764705882352941,1.5758823529411763
egfr,pose,11,-1.3010000000000002,-1.082,28,-1.1785714285714286,0.1071428571428571,1.2857142857142858
egfr,pose,12,-1.082,-0.863,53,-0.9675471698113208,0.1132075471698113,1.0807547169811322
egfr,pose,13,-0.863,-0.6440000000000001,97,-0.7477319587628866,0.2268041237113402,0.9745360824742269
egfr,pose,14,-0.6440000000000001,-0.4249999999999998,168,-0.5309523809523808,0.2738095238095238,0.8047619047619047
egfr,pose,15,-0.4249999999999998,-0.2059999999999999,178,-0.321123595505618,0.3764044943820224,0.6975280898876404
egfr,pose,16,-0.2059999999999999,0.0129999999999999,144,-0.0884027777777777,0.4375,0.5259027777777778
egfr,pose,17,0.0129999999999999,0.2320000000000002,46,0.1097826086956521,0.6086956521739131,0.4989130434782609
egfr,pose,18,0.2320000000000002,0.4509999999999996,11,0.31,0.5454545454545454,0.2354545454545454
egfr,pose,19,0.4509999999999996,0.67,5,0.5519999999999999,0.6,0.048
fgfr1,label,0,-6.16,-5.813,4,-5.9775,0.0,5.9775
fgfr1,label,1,-5.813,-5.466,19,-5.629473684210526,0.0,5.629473684210526
fgfr1,label,2,-5.466,-5.119,18,-5.239999999999999,0.0,5.239999999999999
fgfr1,label,3,-5.119,-4.772,36,-4.9075,0.0,4.9075
fgfr1,label,4,-4.772,-4.425,62,-4.56790322580645,0.0,4.56790322580645
fgfr1,label,5,-4.425,-4.077999999999999,135,-4.228222222222222,0.0,4.228222222222222
fgfr1,label,6,-4.077999999999999,-3.731,250,-3.89204,0.0,3.89204
fgfr1,label,7,-3.731,-3.384,390,-3.5449743589743594,0.0,3.5449743589743594
fgfr1,label,8,-3.384,-3.037,565,-3.203840707964602,0.0035398230088495,3.2073805309734515
fgfr1,label,9,-3.037,-2.69,690,-2.862246376811594,0.0028985507246376,2.865144927536232
fgfr1,label,10,-2.69,-2.343,810,-2.519308641975309,0.0086419753086419,2.5279506172839508
fgfr1,label,11,-2.343,-1.996,936,-2.168952991452992,0.0117521367521367,2.180705128205128
fgfr1,label,12,-1.996,-1.649,915,-1.822131147540984,0.0109289617486338,1.8330601092896173
fgfr1,label,13,-1.649,-1.3019999999999996,892,-1.479730941704036,0.0145739910313901,1.494304932735426
fgfr1,label,14,-1.3019999999999996,-0.955,889,-1.1390326209223849,0.0179977502812148,1.1570303712035996
fgfr1,label,15,-0.955,-0.6079999999999997,876,-0.782865296803653,0.0251141552511415,0.8079794520547946
fgfr1,label,16,-0.6079999999999997,-0.2609999999999992,636,-0.442625786163522,0.0377358490566037,0.4803616352201257
fgfr1,label,17,-0.2609999999999992,0.0860000000000003,388,-0.1134536082474226,0.0592783505154639,0.1727319587628866
fgfr1,label,18,0.0860000000000003,0.4330000000000007,143,0.2148251748251748,0.0559440559440559,0.1588811188811189
fgfr1,label,19,0.4330000000000007,0.78,24,0.5370833333333334,0.0416666666666666,0.4954166666666666
fgfr1,pose,0,-3.2,-3.0170000000000003,2,-3.165,0.0,3.165
fgfr1,pose,1,-3.0170000000000003,-2.834,1,-2.93,0.0,2.93
fgfr1,pose,2,-2.834,-2.651,3,-2.706666666666667,0.0,2.706666666666667
fgfr1,pose,3,-2.651,-2.468,1,-2.59,0.0,2.59
fgfr1,pose,4,-2.468,-2.285,7,-2.358571428571428,0.2857142857142857,2.6442857142857137
fgfr1,pose,5,-2.285,-2.1020000000000003,5,-2.146,0.0,2.146
fgfr1,pose,6,-2.1020000000000003,-1.9190000000000005,3,-2.04,0.0,2.04
fgfr1,pose,7,-1.9190000000000005,-1.7360000000000002,6,-1.8233333333333333,0.0,1.8233333333333333
fgfr1,pose,8,-1.7360000000000002,-1.5530000000000002,10,-1.648,0.0,1.648
fgfr1,pose,9,-1.5530000000000002,-1.37,6,-1.4533333333333331,0.0,1.4533333333333331
fgfr1,pose,10,-1.37,-1.1870000000000005,7,-1.252857142857143,0.0,1.252857142857143
fgfr1,pose,11,-1.1870000000000005,-1.0040000000000004,7,-1.0571428571428572,0.0,1.0571428571428572
fgfr1,pose,12,-1.0040000000000004,-0.8210000000000002,12,-0.9275,0.0833333333333333,1.0108333333333333
fgfr1,pose,13,-0.8210000000000002,-0.6380000000000003,12,-0.7241666666666666,0.3333333333333333,1.0575
fgfr1,pose,14,-0.6380000000000003,-0.455,9,-0.5355555555555556,0.2222222222222222,0.7577777777777778
fgfr1,pose,15,-0.455,-0.2720000000000002,15,-0.3613333333333334,0.0,0.3613333333333334
fgfr1,pose,16,-0.2720000000000002,-0.0890000000000004,13,-0.173076923076923,0.1538461538461538,0.3269230769230769
fgfr1,pose,17,-0.0890000000000004,0.0939999999999998,11,-0.0145454545454545,0.2727272727272727,0.2872727272727272
fgfr1,pose,18,0.0939999999999998,0.2769999999999997,7,0.1757142857142857,0.2857142857142857,0.1099999999999999
fgfr1,pose,19,0.2769999999999997,0.46,2,0.37,0.0,0.37
jak2,label,0,-5.65,-5.314,2,-5.545,0.0,5.545
jak2,label,1,-5.314,-4.978000000000001,2,-5.13,0.0,5.13
jak2,label,2,-4.978000000000001,-4.642,5,-4.722,0.0,4.722
jak2,label,3,-4.642,-4.306,8,-4.438750000000001,0.0,4.438750000000001
jak2,label,4,-4.306,-3.97,7,-4.1085714285714285,0.0,4.1085714285714285
jak2,label,5,-3.97,-3.634,38,-3.758157894736842,0.0,3.758157894736842
jak2,label,6,-3.634,-3.298,61,-3.4531147540983604,0.0,3.4531147540983604
jak2,label,7,-3.298,-2.962,94,-3.112553191489361,0.0212765957446808,3.133829787234042
jak2,label,8,-2.962,-2.6260000000000003,156,-2.7739102564102565,0.0064102564102564,2.780320512820513
jak2,label,9,-2.6260000000000003,-2.29,287,-2.440243902439025,0.0034843205574912,2.443728222996516
jak2,label,10,-2.29,-1.954,422,-2.103270142180095,0.0023696682464454,2.1056398104265406
jak2,label,11,-1.954,-1.6180000000000003,693,-1.7653968253968255,0.0028860028860028,1.7682828282828285
jak2,label,12,-1.6180000000000003,-1.282,966,-1.4442339544513458,0.0020703933747412,1.446304347826087
jak2,label,13,-1.282,-0.9459999999999996,1177,-1.1137383177570097,0.0067969413763806,1.12053525913339
jak2,label,14,-0.9459999999999996,-0.6100000000000003,1234,-0.7804132901134522,0.0153970826580226,0.7958103727714748
jak2,label,15,-0.6100000000000003,-0.274,808,-0.4598762376237624,0.0309405940594059,0.4908168316831683
jak2,label,16,-0.274,0.0620000000000002,502,-0.1242629482071713,0.0936254980079681,0.2178884462151394
jak2,label,17,0.0620000000000002,0.3979999999999997,197,0.2053299492385787,0.1928934010152284,0.0124365482233502
jak2,label,18,0.3979999999999997,0.734,50,0.5138,0.08,0.4338
jak2,label,19,0.734,1.07,16,0.858125,0.1875,0.670625
jak2,pose,0,-3.0,-2.7965,2,-2.995,0.0,2.995
jak2,pose,1,-2.7965,-2.593,1,-2.69,0.0,2.69
jak2,pose,2,-2.593,-2.3895,1,-2.58,0.0,2.58
jak2,pose,3,-2.3895,-2.186,1,-2.27,0.0,2.27
jak2,pose,4,-2.186,-1.9825,0,,,
jak2,pose,5,-1.9825,-1.779,1,-1.94,0.0,1.94
jak2,pose,6,-1.779,-1.5755,1,-1.65,1.0,2.65
jak2,pose,7,-1.5755,-1.372,1,-1.47,0.0,1.47
jak2,pose,8,-1.372,-1.1685,5,-1.238,0.4,1.638
jak2,pose,9,-1.1685,-0.965,4,-1.09,0.5,1.59
jak2,pose,10,-0.965,-0.7614999999999998,7,-0.8128571428571431,0.4285714285714285,1.2414285714285715
jak2,pose,11,-0.7614999999999998,-0.5579999999999998,14,-0.6664285714285715,0.6428571428571429,1.3092857142857144
jak2,pose,12,-0.5579999999999998,-0.3544999999999998,15,-0.438,0.8,1.238
jak2,pose,13,-0.3544999999999998,-0.1509999999999998,20,-0.2484999999999999,0.7,0.9485
jak2,pose,14,-0.1509999999999998,0.0525000000000002,33,-0.049090909090909,0.8787878787878788,0.927878787878788
jak2,pose,15,0.0525000000000002,0.2560000000000002,27,0.1474074074074074,0.925925925925926,0.7785185185185185
jak2,pose,16,0.2560000000000002,0.4595000000000002,15,0.3306666666666666,0.8666666666666667,0.536
jak2,pose,17,0.4595000000000002,0.6630000000000003,2,0.51,1.0,0.49
jak2,pose,18,0.6630000000000003,0.8665000000000003,1,0.8,0.0,0.8
jak2,pose,19,0.8665000000000003,1.07,2,1.045,1.0,0.0449999999999999
kit,label,0,-5.95,-5.622,6,-5.805,0.0,5.805
kit,label,1,-5.622,-5.2940000000000005,9,-5.414444444444444,0.0,5.414444444444444
kit,label,2,-5.2940000000000005,-4.966,16,-5.08,0.0,5.08
kit,label,3,-4.966,-4.638,26,-4.784230769230769,0.0,4.784230769230769
kit,label,4,-4.638,-4.3100000000000005,53,-4.454528301886793,0.0,4.454528301886793
kit,label,5,-4.3100000000000005,-3.982,164,-4.129817073170732,0.0060975609756097,4.135914634146341
kit,label,6,-3.982,-3.654,276,-3.803079710144928,0.0036231884057971,3.806702898550725
kit,label,7,-3.654,-3.326,496,-3.47796370967742,0.0040322580645161,3.481995967741936
kit,label,8,-3.326,-2.998,667,-3.152263868065967,0.0059970014992503,3.158260869565217
kit,label,9,-2.998,-2.67,894,-2.824407158836689,0.0089485458612975,2.8333557046979867
kit,label,10,-2.67,-2.342,1136,-2.5053521126760563,0.0140845070422535,2.51943661971831
kit,label,11,-2.342,-2.014,1410,-2.175645390070922,0.0163120567375886,2.1919574468085106
kit,label,12,-2.014,-1.686,1538,-1.8510858257477243,0.0286085825747724,1.879694408322497
kit,label,13,-1.686,-1.3579999999999997,1510,-1.523682119205298,0.0344370860927152,1.5581192052980133
kit,label,14,-1.3579999999999997,-1.0300000000000002,1118,-1.1993112701252235,0.035778175313059,1.2350894454382826
kit,label,15,-1.0300000000000002,-0.702,780,-0.8779487179487179,0.0397435897435897,0.9176923076923076
kit,label,16,-0.702,-0.3739999999999996,415,-0.5538313253012048,0.0313253012048192,0.5851566265060241
kit,label,17,-0.3739999999999996,-0.0460000000000002,158,-0.2289873417721519,0.0569620253164556,0.2859493670886076
kit,label,18,-0.0460000000000002,0.282,51,0.0668627450980392,0.0784313725490196,0.0115686274509804
kit,label,19,0.282,0.61,9,0.3977777777777777,0.4444444444444444,0.0466666666666666
kit,pose,0,-4.22,-3.9925,1,-4.22,0.0,4.22
kit,pose,1,-3.9925,-3.765,1,-3.97,0.0,3.97
kit,pose,2,-3.765,-3.5375,0,,,
kit,pose,3,-3.5375,-3.31,3,-3.353333333333333,0.0,3.353333333333333
kit,pose,4,-3.31,-3.0825,1,-3.2,0.0,3.2
kit,pose,5,-3.0825,-2.855,6,-2.9566666666666666,0.1666666666666666,3.123333333333333
kit,pose,6,-2.855,-2.6275,6,-2.7099999999999995,0.3333333333333333,3.043333333333333
kit,pose,7,-2.6275,-2.4,11,-2.5245454545454544,0.0,2.5245454545454544
kit,pose,8,-2.4,-2.1725,14,-2.275,0.0714285714285714,2.3464285714285715
kit,pose,9,-2.1725,-1.945,17,-2.043529411764706,0.2941176470588235,2.337647058823529
kit,pose,10,-1.945,-1.7174999999999998,36,-1.815277777777777,0.4166666666666667,2.2319444444444443
kit,pose,11,-1.7174999999999998,-1.4900000000000002,34,-1.5752941176470587,0.3529411764705882,1.928235294117647
kit,pose,12,-1.4900000000000002,-1.2625000000000002,32,-1.3715625,0.4375,1.8090625
kit,pose,13,-1.2625000000000002,-1.035,29,-1.1486206896551725,0.2758620689655172,1.4244827586206896
kit,pose,14,-1.035,-0.8075000000000001,21,-0.9266666666666664,0.3809523809523809,1.3076190476190477
kit,pose,15,-0.8075000000000001,-0.5800000000000001,16,-0.709375,0.3125,1.021875
kit,pose,16,-0.5800000000000001,-0.3525,7,-0.51,0.4285714285714285,0.9385714285714286
kit,pose,17,-0.3525,-0.125,9,-0.26,0.6666666666666666,0.9266666666666666
kit,pose,18,-0.125,0.1025,1,0.01,1.0,0.99
kit,pose,19,0.1025,0.33,7,0.2685714285714285,0.7142857142857143,0.4457142857142857
kpcb,label,0,-4.87,-4.5845,6,-4.756666666666667,0.3333333333333333,5.09
kpcb,label,1,-4.5845,-4.299,5,-4.434,0.4,4.8340000000000005
kpcb,label,2,-4.299,-4.0135000000000005,11,-4.203636363636363,0.2727272727272727,4.476363636363636
kpcb,label,3,-4.0135000000000005,-3.728,26,-3.837307692307692,0.2307692307692307,4.068076923076923
kpcb,label,4,-3.728,-3.4425000000000003,44,-3.5752272727272727,0.1363636363636363,3.711590909090909
kpcb,label,5,-3.4425000000000003,-3.157,92,-3.288913043478262,0.0217391304347826,3.310652173913045
kpcb,label,6,-3.157,-2.8715,149,-3.008993288590604,0.0402684563758389,3.049261744966443
kpcb,label,7,-2.8715,-2.5860000000000003,180,-2.717944444444444,0.0277777777777777,2.7457222222222217
kpcb,label,8,-2.5860000000000003,-2.3005000000000004,266,-2.4359398496240603,0.0263157894736842,2.4622556390977444
kpcb,label,9,-2.3005000000000004,-2.015000000000001,473,-2.1525158562367865,0.0169133192389006,2.169429175475688
kpcb,label,10,-2.015000000000001,-1.7295000000000005,704,-1.8565625,0.0170454545454545,1.8736079545454545
kpcb,label,11,-1.7295000000000005,-1.4440000000000004,958,-1.5736951983298535,0.0156576200417536,1.5893528183716077
kpcb,label,12,-1.4440000000000004,-1.1585000000000003,1261,-1.2931720856463125,0.0079302141157811,1.3011022997620936
kpcb,label,13,-1.1585000000000003,-0.8730000000000002,1411,-1.0116796598157336,0.0148830616583982,1.026562721474132
kpcb,label,14,-0.8730000000000002,-0.5875000000000004,1531,-0.7336642717178314,0.0202482037883736,0.7539124755062051
kpcb,label,15,-0.5875000000000004,-0.3020000000000005,937,-0.4623052294557097,0.0128068303094983,0.4751120597652081
kpcb,label,16,-0.3020000000000005,-0.0165000000000006,596,-0.170755033557047,0.023489932885906,0.194244966442953
kpcb,label,17,-0.0165000000000006,0.2689999999999992,231,0.1048051948051947,0.0389610389610389,0.0658441558441558
kpcb,label,18,0.2689999999999992,0.5544999999999991,97,0.3864948453608247,0.1237113402061855,0.2627835051546391
kpcb,label,19,0.5544999999999991,0.84,29,0.6593103448275861,0.5172413793103449,0.1420689655172412
kpcb,pose,0,-4.87,-4.5845,2,-4.73,0.0,4.73
kpcb,pose,1,-4.5845,-4.299,2,-4.445,0.0,4.445
kpcb,pose,2,-4.299,-4.0135000000000005,3,-4.226666666666667,0.0,4.226666666666667
kpcb,pose,3,-4.0135000000000005,-3.728,6,-3.81,0.0,3.81
kpcb,pose,4,-3.728,-3.4425000000000003,6,-3.5583333333333336,0.1666666666666666,3.725
kpcb,pose,5,-3.4425000000000003,-3.157,2,-3.205,0.0,3.205
kpcb,pose,6,-3.157,-2.8715,6,-3.056666666666666,0.0,3.056666666666666
kpcb,pose,7,-2.8715,-2.5860000000000003,5,-2.668,0.2,2.8680000000000003
kpcb,pose,8,-2.5860000000000003,-2.3005000000000004,7,-2.448571428571429,0.1428571428571428,2.591428571428572
kpcb,pose,9,-2.3005000000000004,-2.015000000000001,8,-2.1725000000000003,0.625,2.7975000000000003
kpcb,pose,10,-2.015000000000001,-1.7295000000000005,12,-1.84,0.5833333333333334,2.4233333333333333
kpcb,pose,11,-1.7295000000000005,-1.4440000000000004,15,-1.5453333333333334,0.6,2.1453333333333333
kpcb,pose,12,-1.4440000000000004,-1.1585000000000003,10,-1.26,0.5,1.76
kpcb,pose,13,-1.1585000000000003,-0.8730000000000002,21,-0.9952380952380954,0.7619047619047619,1.7571428571428571
kpcb,pose,14,-0.8730000000000002,-0.5875000000000004,31,-0.7064516129032258,0.7741935483870968,1.4806451612903224
kpcb,pose,15,-0.5875000000000004,-0.3020000000000005,12,-0.49,0.5,0.99
kpcb,pose,16,-0.3020000000000005,-0.0165000000000006,14,-0.1514285714285714,1.0,1.1514285714285717
kpcb,pose,17,-0.0165000000000006,0.2689999999999992,9,0.08,0.8888888888888888,0.8088888888888889
kpcb,pose,18,0.2689999999999992,0.5544999999999991,12,0.4541666666666666,0.9166666666666666,0.4624999999999999
kpcb,pose,19,0.5544999999999991,0.84,15,0.682,1.0,0.3179999999999999
met,label,0,-5.65,-5.316000000000001,3,-5.510000000000001,0.0,5.510000000000001
met,label,1,-5.316000000000001,-4.982,17,-5.107647058823529,0.0588235294117647,5.166470588235294
met,label,2,-4.982,-4.648000000000001,28,-4.766428571428572,0.0,4.766428571428572
met,label,3,-4.648000000000001,-4.314,51,-4.459019607843137,0.0,4.459019607843137
met,label,4,-4.314,-3.98,92,-4.141195652173913,0.0,4.141195652173913
met,label,5,-3.98,-3.646,151,-3.796092715231788,0.0066225165562913,3.80271523178808
met,label,6,-3.646,-3.3120000000000003,232,-3.472413793103448,0.0,3.472413793103448
met,label,7,-3.3120000000000003,-2.978,328,-3.141615853658536,0.0,3.141615853658536
met,label,8,-2.978,-2.644,485,-2.801752577319588,0.0,2.801752577319588
met,label,9,-2.644,-2.31,690,-2.4689565217391305,0.0028985507246376,2.471855072463768
met,label,10,-2.31,-1.976,968,-2.135051652892562,0.0010330578512396,2.136084710743802
met,label,11,-1.976,-1.6420000000000003,1426,-1.8023001402524543,0.002805049088359,1.8051051893408128
met,label,12,-1.6420000000000003,-1.3079999999999998,1729,-1.473186813186813,0.0075187969924812,1.4807056101792946
met,label,13,-1.3079999999999998,-0.9740000000000002,1670,-1.1428443113772455,0.0065868263473053,1.149431137724551
met,label,14,-0.9740000000000002,-0.6399999999999997,1648,-0.8116504854368931,0.0151699029126213,0.8268203883495144
met,label,15,-0.6399999999999997,-0.306,1121,-0.4853523639607494,0.0410347903657448,0.5263871543264943
met,label,16,-0.306,0.0279999999999995,698,-0.1489684813753581,0.1217765042979942,0.2707449856733525
met,label,17,0.0279999999999995,0.3620000000000001,253,0.1616205533596837,0.1857707509881423,0.0241501976284585
met,label,18,0.3620000000000001,0.6959999999999997,47,0.4723404255319148,0.1702127659574468,0.3021276595744679
met,label,19,0.6959999999999997,1.03,4,0.8175000000000001,0.0,0.8175000000000001
met,pose,0,-5.05,-4.7715,1,-5.05,0.0,5.05
met,pose,1,-4.7715,-4.492999999999999,0,,,
met,pose,2,-4.492999999999999,-4.214499999999999,0,,,
met,pose,3,-4.214499999999999,-3.936,0,,,
met,pose,4,-3.936,-3.6575,1,-3.79,0.0,3.79
met,pose,5,-3.6575,-3.379,0,,,
met,pose,6,-3.379,-3.1005,0,,,
met,pose,7,-3.1005,-2.822,0,,,
met,pose,8,-2.822,-2.5434999999999994,2,-2.605,0.0,2.605
met,pose,9,-2.5434999999999994,-2.265,0,,,
met,pose,10,-2.265,-1.9865,1,-2.15,0.0,2.15
met,pose,11,-1.9865,-1.7079999999999993,2,-1.92,0.0,1.92
met,pose,12,-1.7079999999999993,-1.4294999999999995,10,-1.5790000000000002,0.0,1.5790000000000002
met,pose,13,-1.4294999999999995,-1.1509999999999994,12,-1.2875,0.0,1.2875
met,pose,14,-1.1509999999999994,-0.8724999999999996,7,-0.9714285714285714,0.0,0.9714285714285714
met,pose,15,-0.8724999999999996,-0.5939999999999994,27,-0.722222222222222,0.0,0.722222222222222
met,pose,16,-0.5939999999999994,-0.3154999999999992,40,-0.46225,0.0,0.46225
met,pose,17,-0.3154999999999992,-0.036999999999999,70,-0.1492857142857142,0.0,0.1492857142857142
met,pose,18,-0.036999999999999,0.2415000000000002,53,0.0864150943396226,0.0,0.0864150943396226
met,pose,19,0.2415000000000002,0.52,18,0.3627777777777777,0.0,0.3627777777777777
mk01,label,0,-5.45,-5.141500000000001,2,-5.37,0.0,5.37
mk01,label,1,-5.141500000000001,-4.833,3,-4.8966666666666665,0.0,4.8966666666666665
mk01,label,2,-4.833,-4.5245,10,-4.656000000000001,0.0,4.656000000000001
mk01,label,3,-4.5245,-4.216,31,-4.361935483870968,0.0,4.361935483870968
mk01,label,4,-4.216,-3.9075,51,-4.028039215686275,0.0,4.028039215686275
mk01,label,5,-3.9075,-3.599,78,-3.731282051282051,0.0,3.731282051282051
mk01,label,6,-3.599,-3.2905,132,-3.4362878787878786,0.0,3.4362878787878786
mk01,label,7,-3.2905,-2.982,213,-3.1218779342723,0.0,3.1218779342723
mk01,label,8,-2.982,-2.6735,284,-2.819330985915493,0.0035211267605633,2.8228521126760566
mk01,label,9,-2.6735,-2.365,396,-2.506388888888889,0.0101010101010101,2.516489898989899
mk01,label,10,-2.365,-2.0565,494,-2.2012145748987857,0.0060728744939271,2.207287449392713
mk01,label,11,-2.0565,-1.7480000000000002,577,-1.8894974003466205,0.024263431542461,1.9137608318890813
mk01,label,12,-1.7480000000000002,-1.4394999999999998,650,-1.596646153846154,0.0369230769230769,1.6335692307692309
mk01,label,13,-1.4394999999999998,-1.1310000000000002,545,-1.2881651376146788,0.0403669724770642,1.3285321100917429
mk01,label,14,-1.1310000000000002,-0.8225000000000007,473,-0.991627906976744,0.054968287526427,1.0465961945031712
mk01,label,15,-0.8225000000000007,-0.5140000000000002,328,-0.6734146341463414,0.0457317073170731,0.7191463414634146
mk01,label,16,-0.5140000000000002,-0.2054999999999998,225,-0.3641777777777777,0.0311111111111111,0.3952888888888888
mk01,label,17,-0.2054999999999998,0.1029999999999997,152,-0.0619736842105263,0.0657894736842105,0.1277631578947368
mk01,label,18,0.1029999999999997,0.4114999999999993,66,0.2495454545454545,0.1212121212121212,0.1283333333333333
mk01,label,19,0.4114999999999993,0.72,23,0.5173913043478261,0.217391304347826,0.3
mk01,pose,0,-2.87,-2.701,1,-2.87,0.0,2.87
mk01,pose,1,-2.701,-2.532,2,-2.59,0.0,2.59
mk01,pose,2,-2.532,-2.3630000000000004,2,-2.44,0.0,2.44
mk01,pose,3,-2.3630000000000004,-2.194,2,-2.295,0.0,2.295
mk01,pose,4,-2.194,-2.0250000000000004,1,-2.13,0.0,2.13
mk01,pose,5,-2.0250000000000004,-1.8560000000000003,4,-1.965,0.0,1.965
mk01,pose,6,-1.8560000000000003,-1.6870000000000005,13,-1.7799999999999998,0.0,1.7799999999999998
mk01,pose,7,-1.6870000000000005,-1.5180000000000002,12,-1.5925000000000002,0.0,1.5925000000000002
mk01,pose,8,-1.5180000000000002,-1.3490000000000002,17,-1.438235294117647,0.0,1.438235294117647
mk01,pose,9,-1.3490000000000002,-1.1800000000000002,10,-1.2799999999999998,0.0,1.2799999999999998
mk01,pose,10,-1.1800000000000002,-1.0110000000000003,16,-1.09875,0.0,1.09875
mk01,pose,11,-1.0110000000000003,-0.8420000000000005,12,-0.9158333333333332,0.0,0.9158333333333332
mk01,pose,12,-0.8420000000000005,-0.6730000000000005,10,-0.744,0.0,0.744
mk01,pose,13,-0.6730000000000005,-0.5040000000000004,7,-0.5742857142857144,0.0,0.5742857142857144
mk01,pose,14,-0.5040000000000004,-0.3350000000000004,6,-0.4616666666666666,0.0,0.4616666666666666
mk01,pose,15,-0.3350000000000004,-0.1660000000000003,2,-0.2,0.0,0.2
mk01,pose,16,-0.1660000000000003,0.0029999999999996,6,-0.075,0.0,0.075
mk01,pose,17,0.0029999999999996,0.1719999999999997,5,0.096,0.0,0.096
mk01,pose,18,0.1719999999999997,0.3409999999999997,5,0.2239999999999999,0.0,0.2239999999999999
mk01,pose,19,0.3409999999999997,0.51,6,0.465,0.0,0.465
mk10,label,0,-4.87,-4.5795,1,-4.87,0.0,4.87
mk10,label,1,-4.5795,-4.289,4,-4.355,0.0,4.355
mk10,label,2,-4.289,-3.9985,3,-4.13,0.0,4.13
mk10,label,3,-3.9985,-3.708,14,-3.8457142857142856,0.0,3.8457142857142856
mk10,label,4,-3.708,-3.4175,21,-3.551904761904762,0.0,3.551904761904762
mk10,label,5,-3.4175,-3.127,50,-3.2672,0.0,3.2672
mk10,label,6,-3.127,-2.8365,68,-2.983970588235294,0.0,2.983970588235294
mk10,label,7,-2.8365,-2.546,83,-2.6860240963855424,0.0,2.6860240963855424
mk10,label,8,-2.546,-2.2555,127,-2.378976377952756,0.0,2.378976377952756
mk10,label,9,-2.2555,-1.965,205,-2.1019024390243906,0.0,2.1019024390243906
mk10,label,10,-1.965,-1.6744999999999997,323,-1.80687306501548,0.0092879256965944,1.8161609907120744
mk10,label,11,-1.6744999999999997,-1.3839999999999997,545,-1.5233211009174312,0.0128440366972477,1.536165137614679
mk10,label,12,-1.3839999999999997,-1.0934999999999997,820,-1.2333536585365852,0.0060975609756097,1.239451219512195
mk10,label,13,-1.0934999999999997,-0.8029999999999999,1042,-0.943915547024952,0.0153550863723608,0.9592706333973128
mk10,label,14,-0.8029999999999999,-0.5124999999999993,1356,-0.6585693215339233,0.0169616519174041,0.6755309734513275
mk10,label,15,-0.5124999999999993,-0.2219999999999995,1044,-0.3807854406130267,0.0383141762452107,0.4190996168582375
mk10,label,16,-0.2219999999999995,0.0685000000000002,810,-0.097037037037037,0.0790123456790123,0.1760493827160493
mk10,label,17,0.0685000000000002,0.3590000000000009,273,0.1789377289377289,0.0512820512820512,0.1276556776556776
mk10,label,18,0.3590000000000009,0.6495000000000006,91,0.4562637362637362,0.1538461538461538,0.3024175824175824
mk10,label,19,0.6495000000000006,0.94,10,0.7830000000000001,0.0,0.7830000000000001
mk10,pose,0,-1.92,-1.794,3,-1.856666666666667,0.0,1.856666666666667
mk10,pose,1,-1.794,-1.668,0,,,
mk10,pose,2,-1.668,-1.5419999999999998,5,-1.592,0.8,2.3920000000000003
mk10,pose,3,-1.5419999999999998,-1.416,1,-1.54,0.0,1.54
mk10,pose,4,-1.416,-1.29,2,-1.385,1.0,2.385
mk10,pose,5,-1.29,-1.164,4,-1.26,0.75,2.01
mk10,pose,6,-1.164,-1.0379999999999998,1,-1.08,0.0,1.08
mk10,pose,7,-1.0379999999999998,-0.912,8,-0.97125,0.375,1.34625
mk10,pose,8,-0.912,-0.786,7,-0.8528571428571429,0.4285714285714285,1.2814285714285714
mk10,pose,9,-0.786,-0.6599999999999999,12,-0.7441666666666666,0.5833333333333334,1.3275
mk10,pose,10,-0.6599999999999999,-0.5339999999999998,9,-0.5877777777777777,0.8888888888888888,1.4766666666666666
mk10,pose,11,-0.5339999999999998,-0.4079999999999999,14,-0.4692857142857142,0.5,0.9692857142857144
mk10,pose,12,-0.4079999999999999,-0.282,18,-0.3277777777777777,0.3888888888888889,0.7166666666666666
mk10,pose,13,-0.282,-0.1559999999999999,29,-0.2175862068965517,0.8275862068965517,1.0451724137931035
mk10,pose,14,-0.1559999999999999,-0.0299999999999998,37,-0.0881081081081081,0.7567567567567568,0.8448648648648649
mk10,pose,15,-0.0299999999999998,0.096,11,0.0336363636363636,0.9090909090909092,0.8754545454545454
mk10,pose,16,0.096,0.2219999999999999,9,0.1522222222222222,0.8888888888888888,0.7366666666666666
mk10,pose,17,0.2219999999999999,0.3479999999999998,2,0.305,1.0,0.695
mk10,pose,18,0.3479999999999998,0.4740000000000002,8,0.41,1.0,0.5900000000000001
mk10,pose,19,0.4740000000000002,0.6,6,0.535,0.6666666666666666,0.1316666666666666
plk1,label,0,-4.74,-4.4565,3,-4.713333333333334,0.0,4.713333333333334
plk1,label,1,-4.4565,-4.173,7,-4.297142857142857,0.0,4.297142857142857
plk1,label,2,-4.173,-3.8895,3,-3.99,0.0,3.99
plk1,label,3,-3.8895,-3.606,14,-3.733571428571429,0.0,3.733571428571429
plk1,label,4,-3.606,-3.3225,44,-3.439545454545453,0.0,3.439545454545453
plk1,label,5,-3.3225,-3.0390000000000006,68,-3.160147058823529,0.0,3.160147058823529
plk1,label,6,-3.0390000000000006,-2.7555000000000005,131,-2.884656488549618,0.0,2.884656488549618
plk1,label,7,-2.7555000000000005,-2.4720000000000004,183,-2.615027322404372,0.0054644808743169,2.6204918032786884
plk1,label,8,-2.4720000000000004,-2.1885000000000003,236,-2.3240677966101697,0.0084745762711864,2.332542372881356
plk1,label,9,-2.1885000000000003,-1.905,350,-2.0442285714285715,0.0085714285714285,2.0528
plk1,label,10,-1.905,-1.6215000000000006,509,-1.7477996070726916,0.0117878192534381,1.7595874263261295
plk1,label,11,-1.6215000000000006,-1.3380000000000003,789,-1.4674144486692016,0.0139416983523447,1.4813561470215464
plk1,label,12,-1.3380000000000003,-1.0545000000000004,969,-1.1881630546955624,0.0134158926728586,1.201578947368421
plk1,label,13,-1.0545000000000004,-0.7710000000000008,1200,-0.9076,0.0075,0.9151
plk1,label,14,-0.7710000000000008,-0.4875000000000007,1175,-0.6350212765957447,0.0119148936170212,0.646936170212766
plk1,label,15,-0.4875000000000007,-0.2040000000000006,749,-0.3584112149532711,0.0427236315086782,0.4011348464619493
plk1,label,16,-0.2040000000000006,0.0794999999999994,428,-0.0842289719626168,0.0841121495327102,0.1683411214953271
plk1,label,17,0.0794999999999994,0.3629999999999995,135,0.200074074074074,0.1111111111111111,0.0889629629629629
plk1,label,18,0.3629999999999995,0.6464999999999996,27,0.4685185185185186,0.1851851851851851,0.2833333333333334
plk1,label,19,0.6464999999999996,0.93,11,0.7645454545454545,0.7272727272727273,0.0372727272727272
plk1,pose,0,-2.54,-2.367,3,-2.46,0.0,2.46
plk1,pose,1,-2.367,-2.194,0,,,
plk1,pose,2,-2.194,-2.021,3,-2.08,0.3333333333333333,2.4133333333333336
plk1,pose,3,-2.021,-1.848,0,,,
plk1,pose,4,-1.848,-1.675,5,-1.7239999999999998,0.2,1.924
plk1,pose,5,-1.675,-1.5020000000000002,2,-1.6,0.0,1.6
plk1,pose,6,-1.5020000000000002,-1.3290000000000002,10,-1.404,0.1,1.5040000000000002
plk1,pose,7,-1.3290000000000002,-1.156,7,-1.2142857142857142,0.2857142857142857,1.5
plk1,pose,8,-1.156,-0.983,7,-1.1042857142857143,0.1428571428571428,1.247142857142857
plk1,pose,9,-0.983,-0.81,7,-0.8971428571428574,0.1428571428571428,1.0400000000000005
plk1,pose,10,-0.81,-0.6370000000000002,7,-0.7057142857142856,0.7142857142857143,1.42
plk1,pose,11,-0.6370000000000002,-0.4640000000000004,9,-0.5622222222222222,0.3333333333333333,0.8955555555555554
plk1,pose,12,-0.4640000000000004,-0.2910000000000003,18,-0.3611111111111111,0.4444444444444444,0.8055555555555556
plk1,pose,13,-0.2910000000000003,-0.1180000000000003,23,-0.2126086956521739,0.4782608695652174,0.6908695652173913
plk1,pose,14,-0.1180000000000003,0.0549999999999997,23,-0.0382608695652173,0.391304347826087,0.4295652173913044
plk1,pose,15,0.0549999999999997,0.2279999999999997,12,0.125,0.1666666666666666,0.0416666666666666
plk1,pose,16,0.2279999999999997,0.4009999999999998,6,0.2966666666666666,0.6666666666666666,0.37
plk1,pose,17,0.4009999999999998,0.5739999999999998,4,0.4399999999999999,0.75,0.31
plk1,pose,18,0.5739999999999998,0.7469999999999999,4,0.6749999999999999,0.25,0.4249999999999999
plk1,pose,19,0.7469999999999999,0.92,5,0.806,0.2,0.6060000000000001
rock1,label,0,-6.33,-5.9675,1,-6.33,0.0,6.33
rock1,label,1,-5.9675,-5.605,1,-5.62,0.0,5.62
rock1,label,2,-5.605,-5.2425,2,-5.505,0.0,5.505
rock1,label,3,-5.2425,-4.88,9,-5.054444444444444,0.0,5.054444444444444
rock1,label,4,-4.88,-4.5175,18,-4.670555555555556,0.0,4.670555555555556
rock1,label,5,-4.5175,-4.155,24,-4.303333333333334,0.0,4.303333333333334
rock1,label,6,-4.155,-3.7925,66,-3.942121212121213,0.0,3.942121212121213
rock1,label,7,-3.7925,-3.43,101,-3.605346534653466,0.0,3.605346534653466
rock1,label,8,-3.43,-3.0675000000000003,226,-3.2347787610619467,0.0044247787610619,3.239203539823009
rock1,label,9,-3.0675000000000003,-2.705,328,-2.872987804878049,0.0,2.872987804878049
rock1,label,10,-2.705,-2.3425,464,-2.516400862068966,0.0021551724137931,2.518556034482759
rock1,label,11,-2.3425,-1.9800000000000004,632,-2.157025316455696,0.0031645569620253,2.160189873417721
rock1,label,12,-1.9800000000000004,-1.6175000000000006,860,-1.7945232558139534,0.0046511627906976,1.7991744186046512
rock1,label,13,-1.6175000000000006,-1.255,958,-1.426732776617954,0.0156576200417536,1.4423903966597078
rock1,label,14,-1.255,-0.8925000000000001,996,-1.0781927710843375,0.0281124497991967,1.1063052208835342
rock1,label,15,-0.8925000000000001,-0.5300000000000002,940,-0.7204255319148937,0.0414893617021276,0.7619148936170214
rock1,label,16,-0.5300000000000002,-0.1675000000000004,599,-0.3667278797996661,0.0951585976627712,0.4618864774624374
rock1,label,17,-0.1675000000000004,0.1949999999999994,235,-0.0145106382978723,0.1489361702127659,0.1634468085106382
rock1,label,18,0.1949999999999994,0.5575000000000001,75,0.3336,0.1733333333333333,0.1602666666666666
rock1,label,19,0.5575000000000001,0.92,14,0.6899999999999998,0.5,0.1899999999999998
rock1,pose,0,-3.24,-3.032,1,-3.24,0.0,3.24
rock1,pose,1,-3.032,-2.8240000000000003,0,,,
rock1,pose,2,-2.8240000000000003,-2.616,0,,,
rock1,pose,3,-2.616,-2.4080000000000004,1,-2.45,0.0,2.45
rock1,pose,4,-2.4080000000000004,-2.2,2,-2.23,0.5,2.73
rock1,pose,5,-2.2,-1.992,0,,,
rock1,pose,6,-1.992,-1.784,0,,,
rock1,pose,7,-1.784,-1.576,4,-1.7,0.75,2.45
rock1,pose,8,-1.576,-1.368,7,-1.4857142857142858,0.8571428571428571,2.342857142857143
rock1,pose,9,-1.368,-1.16,11,-1.269090909090909,0.4545454545454545,1.7236363636363636
rock1,pose,10,-1.16,-0.952,20,-1.0495,0.5,1.5495
rock1,pose,11,-0.952,-0.7439999999999998,18,-0.8472222222222223,0.6111111111111112,1.4583333333333337
rock1,pose,12,-0.7439999999999998,-0.536,26,-0.6480769230769231,0.9230769230769232,1.5711538461538463
rock1,pose,13,-0.536,-0.3279999999999998,29,-0.4444827586206897,0.9310344827586208,1.3755172413793104
rock1,pose,14,-0.3279999999999998,-0.1200000000000001,34,-0.2226470588235294,0.8823529411764706,1.105
rock1,pose,15,-0.1200000000000001,0.088,19,-0.0442105263157894,0.9473684210526316,0.991578947368421
rock1,pose,16,0.088,0.2960000000000002,14,0.1807142857142857,1.0,0.8192857142857143
rock1,pose,17,0.2960000000000002,0.504,8,0.39,1.0,0.61
rock1,pose,18,0.504,0.7120000000000002,5,0.604,1.0,0.396
rock1,pose,19,0.7120000000000002,0.92,3,0.7933333333333333,1.0,0.2066666666666666
tgfr1,label,0,-5.7,-5.3665,3,-5.640000000000001,0.0,5.640000000000001
tgfr1,label,1,-5.3665,-5.033,3,-5.113333333333333,0.0,5.113333333333333
tgfr1,label,2,-5.033,-4.6995000000000005,11,-4.825454545454546,0.0,4.825454545454546
tgfr1,label,3,-4.6995000000000005,-4.366,33,-4.493333333333333,0.0,4.493333333333333
tgfr1,label,4,-4.366,-4.032500000000001,71,-4.180563380281692,0.0,4.180563380281692
tgfr1,label,5,-4.032500000000001,-3.699,131,-3.844427480916031,0.0,3.844427480916031
tgfr1,label,6,-3.699,-3.3655,196,-3.515867346938776,0.0,3.515867346938776
tgfr1,label,7,-3.3655,-3.032,314,-3.190063694267516,0.0,3.190063694267516
tgfr1,label,8,-3.032,-2.6985,431,-2.860649651972158,0.0046403712296983,2.8652900232018563
tgfr1,label,9,-2.6985,-2.365,551,-2.522540834845735,0.0018148820326678,2.5243557168784028
tgfr1,label,10,-2.365,-2.0315,556,-2.2008273381294963,0.0071942446043165,2.2080215827338128
tgfr1,label,11,-2.0315,-1.6979999999999995,674,-1.8627448071216617,0.0059347181008902,1.868679525222552
tgfr1,label,12,-1.6979999999999995,-1.3644999999999996,691,-1.5270477568740957,0.0159189580318379,1.5429667149059336
tgfr1,label,13,-1.3644999999999996,-1.0309999999999997,775,-1.189509677419355,0.0193548387096774,1.2088645161290323
tgfr1,label,14,-1.0309999999999997,-0.6974999999999998,1174,-0.8504684838160137,0.0238500851788756,0.8743185689948894
tgfr1,label,15,-0.6974999999999998,-0.3639999999999999,1446,-0.5310096818810512,0.0290456431535269,0.5600553250345782
tgfr1,label,16,-0.3639999999999999,-0.0304999999999999,1069,-0.2083442469597755,0.0308699719363891,0.2392142188961646
tgfr1,label,17,-0.0304999999999999,0.3029999999999999,609,0.1025779967159277,0.0886699507389162,0.0139080459770114
tgfr1,label,18,0.3029999999999999,0.6364999999999998,157,0.4294904458598726,0.3248407643312102,0.1046496815286625
tgfr1,label,19,0.6364999999999998,0.97,41,0.7495121951219512,0.8780487804878049,0.1285365853658536
tgfr1,pose,0,-2.9,-2.7065,2,-2.81,0.0,2.81
tgfr1,pose,1,-2.7065,-2.513,1,-2.56,0.0,2.56
tgfr1,pose,2,-2.513,-2.3195,1,-2.32,0.0,2.32
tgfr1,pose,3,-2.3195,-2.126,1,-2.16,1.0,3.16
tgfr1,pose,4,-2.126,-1.9325,2,-2.075,0.5,2.575
tgfr1,pose,5,-1.9325,-1.739,3,-1.8133333333333328,0.0,1.8133333333333328
tgfr1,pose,6,-1.739,-1.5455,7,-1.6228571428571428,0.2857142857142857,1.9085714285714284
tgfr1,pose,7,-1.5455,-1.352,5,-1.448,0.4,1.848
tgfr1,pose,8,-1.352,-1.1585,12,-1.238333333333333,0.5,1.738333333333333
tgfr1,pose,9,-1.1585,-0.965,6,-1.028333333333333,0.5,1.528333333333333
tgfr1,pose,10,-0.965,-0.7715000000000001,14,-0.8785714285714287,0.5,1.3785714285714286
tgfr1,pose,11,-0.7715000000000001,-0.5779999999999998,26,-0.6865384615384614,0.1923076923076923,0.8788461538461537
tgfr1,pose,12,-0.5779999999999998,-0.3844999999999996,27,-0.4892592592592593,0.2222222222222222,0.7114814814814815
tgfr1,pose,13,-0.3844999999999996,-0.1909999999999998,12,-0.2433333333333333,0.4166666666666667,0.66
tgfr1,pose,14,-0.1909999999999998,0.0024999999999999,29,-0.0789655172413793,0.4482758620689655,0.5272413793103449
tgfr1,pose,15,0.0024999999999999,0.1960000000000001,31,0.0996774193548387,0.5483870967741935,0.4487096774193548
tgfr1,pose,16,0.1960000000000001,0.3895000000000004,29,0.2924137931034482,0.5862068965517241,0.2937931034482758
tgfr1,pose,17,0.3895000000000004,0.5830000000000002,25,0.4856,0.92,0.4344
tgfr1,pose,18,0.5830000000000002,0.7765,36,0.6661111111111112,1.0,0.3338888888888888
tgfr1,pose,19,0.7765,0.97,12,0.8666666666666667,1.0,0.1333333333333333
vgfr2,label,0,-5.53,-5.205,5,-5.3740000000000006,0.0,5.3740000000000006
vgfr2,label,1,-5.205,-4.88,10,-5.046,0.0,5.046
vgfr2,label,2,-4.88,-4.555,20,-4.7425,0.0,4.7425
vgfr2,label,3,-4.555,-4.23,92,-4.354673913043479,0.0,4.354673913043479
vgfr2,label,4,-4.23,-3.905,206,-4.048349514563107,0.0,4.048349514563107
vgfr2,label,5,-3.905,-3.58,382,-3.715837696335078,0.0026178010471204,3.718455497382199
vgfr2,label,6,-3.58,-3.2550000000000003,865,-3.405791907514451,0.0011560693641618,3.406947976878613
vgfr2,label,7,-3.2550000000000003,-2.93,1183,-3.085731191885038,0.0025359256128486,3.088267117497886
vgfr2,label,8,-2.93,-2.605,1776,-2.7608502252252256,0.000563063063063,2.7614132882882885
vgfr2,label,9,-2.605,-2.28,2392,-2.436952341137124,0.0029264214046822,2.4398787625418064
vgfr2,label,10,-2.28,-1.955,3185,-2.111315541601256,0.0034536891679748,2.1147692307692307
vgfr2,label,11,-1.955,-1.63,3576,-1.7943931767337808,0.0058724832214765,1.8002656599552571
vgfr2,label,12,-1.63,-1.3049999999999995,3485,-1.476209469153515,0.0111908177905308,1.487400286944046
vgfr2,label,13,-1.3049999999999995,-0.9800000000000004,2670,-1.1509700374531835,0.0220973782771535,1.1730674157303371
vgfr2,label,14,-0.9800000000000004,-0.6550000000000002,2507,-0.8156322297566813,0.026725169525329,0.8423573992820104
vgfr2,label,15,-0.6550000000000002,-0.33,2054,-0.5165579357351511,0.0759493670886076,0.5925073028237586
vgfr2,label,16,-0.33,-0.0049999999999998,1061,-0.1901319509896324,0.1489161168708765,0.3390480678605089
vgfr2,label,17,-0.0049999999999998,0.3200000000000003,316,0.1206645569620253,0.2120253164556962,0.0913607594936709
vgfr2,label,18,0.3200000000000003,0.6449999999999996,48,0.435,0.375,0.06
vgfr2,label,19,0.6449999999999996,0.97,16,0.761875,0.6875,0.0743749999999999
vgfr2,pose,0,-3.6,-3.3715,2,-3.5250000000000004,0.0,3.5250000000000004
vgfr2,pose,1,-3.3715,-3.143,1,-3.15,0.0,3.15
vgfr2,pose,2,-3.143,-2.9145000000000003,2,-3.095,0.0,3.095
vgfr2,pose,3,-2.9145000000000003,-2.686,0,,,
vgfr2,pose,4,-2.686,-2.4575,3,-2.6,0.0,2.6
vgfr2,pose,5,-2.4575,-2.229,6,-2.3683333333333336,0.0,2.3683333333333336
vgfr2,pose,6,-2.229,-2.0005,8,-2.08,0.125,2.205
vgfr2,pose,7,-2.0005,-1.772,15,-1.895333333333333,0.0,1.895333333333333
vgfr2,pose,8,-1.772,-1.5435,18,-1.636111111111111,0.1111111111111111,1.7472222222222222
vgfr2,pose,9,-1.5435,-1.315,27,-1.413333333333333,0.1111111111111111,1.5244444444444445
vgfr2,pose,10,-1.315,-1.0865,40,-1.188,0.175,1.363
vgfr2,pose,11,-1.0865,-0.8580000000000001,40,-0.9795,0.025,1.0045
vgfr2,pose,12,-0.8580000000000001,-0.6295000000000002,63,-0.7138095238095237,0.1111111111111111,0.8249206349206348
vgfr2,pose,13,-0.6295000000000002,-0.4009999999999998,100,-0.5191,0.04,0.5591
vgfr2,pose,14,-0.4009999999999998,-0.1724999999999998,114,-0.2990350877192982,0.043859649122807,0.3428947368421052
vgfr2,pose,15,-0.1724999999999998,0.056,102,-0.0698039215686274,0.1862745098039215,0.256078431372549
vgfr2,pose,16,0.056,0.2845,48,0.1691666666666667,0.1875,0.0183333333333333
vgfr2,pose,17,0.2845,0.5130000000000003,16,0.39125,0.125,0.26625
vgfr2,pose,18,0.5130000000000003,0.7414999999999998,9,0.6511111111111112,0.1111111111111111,0.54
vgfr2,pose,19,0.7414999999999998,0.97,6,0.8466666666666667,0.3333333333333333,0.5133333333333334
wee1,label,0,-5.28,-4.9665,3,-5.173333333333333,0.0,5.173333333333333
wee1,label,1,-4.9665,-4.6530000000000005,2,-4.925,0.0,4.925
wee1,label,2,-4.6530000000000005,-4.3395,4,-4.455,0.0,4.455
wee1,label,3,-4.3395,-4.026,12,-4.144166666666668,0.0,4.144166666666668
wee1,label,4,-4.026,-3.7125000000000004,28,-3.8489285714285715,0.0,3.8489285714285715
wee1,label,5,-3.7125000000000004,-3.399,47,-3.568510638297872,0.0,3.568510638297872
wee1,label,6,-3.399,-3.0855,75,-3.2293333333333334,0.0,3.2293333333333334
wee1,label,7,-3.0855,-2.7720000000000002,118,-2.920593220338983,0.0,2.920593220338983
wee1,label,8,-2.7720000000000002,-2.4585000000000004,219,-2.6151598173515977,0.0,2.6151598173515977
wee1,label,9,-2.4585000000000004,-2.1450000000000005,278,-2.2857553956834535,0.0,2.2857553956834535
wee1,label,10,-2.1450000000000005,-1.8315000000000001,496,-1.9778427419354838,0.0,1.9778427419354838
wee1,label,11,-1.8315000000000001,-1.5180000000000002,827,-1.6643893591293835,0.0,1.6643893591293835
wee1,label,12,-1.5180000000000002,-1.2045000000000003,1081,-1.354764107308048,0.0027752081406105457,1.3575393154486586
wee1,label,13,-1.2045000000000003,-0.891,1011,-1.0537388724035608,0.0,1.0537388724035608
wee1,label,14,-0.891,-0.5775000000000006,988,-0.7386032388663968,0.010121457489878543,0.7487246963562754
wee1,label,15,-0.5775000000000006,-0.26400000000000023,615,-0.4372845528455285,0.04390243902439024,0.4811869918699187
wee1,label,16,-0.26400000000000023,0.0495000000000001,377,-0.11976127320954909,0.14058355437665782,0.2603448275862069
wee1,label,17,0.0495000000000001,0.36299999999999955,144,0.18166666666666667,0.18055555555555555,0.0011111111111111183
wee1,label,18,0.36299999999999955,0.6764999999999999,31,0.4816129032258066,0.3548387096774194,0.1267741935483872
wee1,label,19,0.6764999999999999,0.99,9,0.7755555555555556,0.7777777777777778,0.0022222222222222365
wee1,pose,0,-1.32,-1.2045000000000001,3,-1.25,0.0,1.25
wee1,pose,1,-1.2045000000000001,-1.089,0,,,
wee1,pose,2,-1.089,-0.9735,0,,,
wee1,pose,3,-0.9735,-0.8580000000000001,0,,,
wee1,pose,4,-0.8580000000000001,-0.7425,0,,,
wee1,pose,5,-0.7425,-0.627,5,-0.658,0.0,0.658
wee1,pose,6,-0.627,-0.5115000000000001,11,-0.5681818181818182,0.0,0.5681818181818182
wee1,pose,7,-0.5115000000000001,-0.396,9,-0.4422222222222223,0.0,0.4422222222222223
wee1,pose,8,-0.396,-0.28049999999999997,8,-0.34625,0.0,0.34625
wee1,pose,9,-0.28049999999999997,-0.16500000000000004,21,-0.22333333333333336,0.0,0.22333333333333336
wee1,pose,10,-0.16500000000000004,-0.0495000000000001,24,-0.11,0.0,0.11
wee1,pose,11,-0.0495000000000001,0.06600000000000006,13,0.007692307692307692,0.0,0.007692307692307692
wee1,pose,12,0.06600000000000006,0.1815,10,0.133,0.0,0.133
wee1,pose,13,0.1815,0.29699999999999993,11,0.22909090909090912,0.0,0.22909090909090912
wee1,pose,14,0.29699999999999993,0.4125000000000001,5,0.35000000000000003,0.0,0.35000000000000003
wee1,pose,15,0.4125000000000001,0.528,4,0.4925,0.0,0.4925
wee1,pose,16,0.528,0.6435,6,0.61,0.0,0.61
wee1,pose,17,0.6435,0.7590000000000001,3,0.6866666666666666,0.0,0.6866666666666666
wee1,pose,18,0.7590000000000001,0.8745,2,0.775,0.0,0.775
wee1,pose,19,0.8745,0.99,2,0.95,0.0,0.95
